CompanyId,NameEN,NameHE,SubId,SeedReportId
1863,ABOU RESIDENC,אבו מגורים,1175819,1713800
1397,ABRA,אברא,1101666,1700400
770,ACCEL,אקסל,770016,1594750
1896,ACKERSTEIN GRO,אקרשטיין קבוצה,1176205,1375200
2360,ACRO,אקרו קבוצה,1184902,1591600
1063,ADAMA,אדמה,1110915,1558000
182,ADGAR INV.,אדגר השקעות,1820083,1543000
363,AERODROME GROUP,אירודרום קבוצה,363010,1558750
1457,AEROSPACE INDUS,תעשיה אוירית,1133131,1579400
578,AFCON HOLDINGS,אפקון החזקות,578013,1439500
1172,AFI PROPERTIES,אפי נכסים,1091354,1468750
1338,AFRICA RESIDENC,אפריקה מגורים,1097948,1560800
2482,AGELLAN,אג'לן,1223239,
1473,AIRENGY TECH,אייראנג'י טק,1105907,1378750
1300,AIRPORT CITY,איירפורט סיטי,1095835,1483000
1862,AIRTOUCH,איירטאצ',1173376,1398400
1091,ALARUM TECHNO,אלארום טכנ',1083856,1165000
625,ALBAAD,עלבד,625012,1484500
1382,ALBAR,אלבר,1158740,1373500
491,ALBEN,אלבן,1235779,
1393,ALLMED SOLUTION,אולמד סולושנס,1101450,
2252,ALLOT,אלוט,1099654,
2535,ALLTRADE,אולטרייד מחזור,1236967,
1857,ALMA YESODOT,עלמא יסודות,1173145,
1814,ALMEDA VENTURES,אלמדה ונצ'רס,1168962,1629800
2481,ALMOG,אלמוג,1223320,1692800
1553,ALMOGIM HOLDING,אלמוגים החזקות,1136829,1647400
2063,ALON BLUE SQUAR,אלון רבוע כחול,1183979,1630000
390,ALONY HETZ,אלוני חץ,390013,1408000
387,ALROV PROPERT,"אלרוב נדל""ן",387019,1542250
1729,ALTITUDE INVEST,אלטיטיוד השקעות,1207604,1516600
2367,ALTSHULER FINA,אלטשולר שחם פנ,1184936,
1978,ALUMA,אלומה,1181643,
2516,AMAL HOLDINGS,עמל הולדינגס,1232008,
654,AMANET,אמנת,654012,1522400
2468,AMERICAN EQUITY,אמריקן אקוויטי,1234814,1725800
2234,AMIAD,עמיעד,1094390,
1728,AMIDAR,עמידר,1143585,1253500
1232,AMIR MARKETING,עמיר שיווק,1092204,
1328,AMOT,אמות,1097278,1584200
2471,AMPA,אמפא,1225200,
2385,AMRAM,עמרם,1188200,1725800
2507,AMTRUST RE,אמטראסט אר. אי.,1231943,
1008,ANALYST,אנליסט,1080613,1701250
180,ANGEL SALOMON,אנגל שלמה,180018,1251100
1074,APOLLO POWER,אפולו פאוור,1082114,1706400
1219,ARAD,ארד,1091651,1571600
1122,ARAN,"ארן מו""פ",1085265,1346800
138,ARAZIM,ארזים,1380104,1726000
1975,ARBE ROBOTICS,ארבה רובוטיקס,1179662,1685200
1884,ARGO PROPERTIES,ארגו פרופרטיז,1175371,1720600
366,ARI REAL ESTATE,"ארי נדל""ן",366013,1516000
587,ARYT,ארית תעשיות,587014,1631800
1361,ASHDOD REFINERY,בית זיקוק אשדוד,1198910,
312,ASHOT,עשות,312017,1689200
1618,ASHTROM GROUP,אשטרום קבוצה,1132315,1522750
251,ASHTROM PROP.,אשטרום נכסים,2510170,1329400
313,ASPEN GROUP,אספן גרופ,313015,1585750
1307,ATREYU CAPITAL,אטראו שוקי הון,1096106,1384200
2134,AUDIOCODES,אודיוקודס,1082965,1328200
373,AURA,אאורה,373019,1695200
1899,AURA SMART-M,אורה סמארט-ש,1176619,1600800
1001,AUSTRALIA ISR,אוסטרליה ישראל,1080522,1423400
1774,AUTO BANK SERV,שירותי בנק אוטו,1158161,
2280,AUTOMAX MOTORS,אוטומקס מוטורס,1131697,1422000
1082,AUTONOMOUS,אוטונומוס,1083419,1670600
1829,AV-GAD,אב-גד,1171818,1616500
675,AVERBUCH,אברבוך,675017,1239400
1390,AVGOL,אבגול,1100957,1238500
2446,AVIAD DEPOSITS,אביעד פיקדונות,1214592,1663000
413,AVIATION LINKS,קשרי תעופה,413013,
444,AVIV,אביב בניה,444018,1683200
297,AVROT,אברות,297010,1416250
383,AXILION,אקסיליון,383018,1698800
2501,AXON VISION,אקסון ויז'ן,1227552,
2527,AYA NEW YORK,איה ניו יורק,1236280,
209,AYALON,איילון,209015,1719250
715,AZORIM,אזורים,715011,1384600
1420,AZRIELI GROUP,עזריאלי קבוצה,1119478,1593800
1452,B.GAON-M,גאון אחזקות-ש,1104744,1622200
1490,B.S.R ENGIN(M),בסר הנדסה (ש),1229418,
1802,BAIT BAKFAR,בית בכפר,1183656,1672750
2371,BAIT VEGAG,בית וגג,1185362,
2450,BALADI,בלדי,1212539,1688000
1344,BARAK INVEST,ברק בית השקעות,1104363,1430600
286,BARAN,ברן,286013,
1940,BAREKET CAPITAL,ברקת קפיטל,1178276,1686000
2135,BATM,באטמ,1158823,1492750
2093,BEEIO HONEY,ביו דבש,1082346,1479250
1054,BET SHEMESH,בית שמש,1081561,1694600
1859,BEYON3D-M,ביונ תלת מימד-ש,1175561,1546000
230,BEZEQ,בזק,230011,1511500
1327,BIG,ביג,1097260,1489750
1832,BIG TECH 50 R&D,"ביג-טק 50 מו""פ",1172295,1520000
1790,BIKUREY HASADE,ביכורי השדה,1172618,1677250
1855,BIO MEAT FOOD,ביו מיט פודטק,1173905,1702600
1305,BIO VIEW,ביו ויו,1096049,1540800
1293,BIOLIGHT,ביולייט,1095223,1316600
1394,BIOLINE,ביוליין אר אקס,1101518,
530,BIRMAN,בירמן,530014,1471600
1853,BLACKEDGE,בלאקאדג',1172337,1620800
1827,BLADERANGER,בלייד ריינג'ר,1170513,1511200
1846,BLENDER TECH,בלנדר טכנו,1172097,1677400
424,BLITZ-M,בליץ-ש,424010,1632800
1349,BLUE SQUARE RE.,"רבוע כחול נדל""ן",1098565,1361200
1318,BLUE WAVE-M,בלו וייב-ש,1096890,1474750
531,BONEI TICHON,בוני תיכון,531012,1375750
485,BONUS BIOGROUP,בונוס ביוגרופ,485011,1316400
1386,BRAINSWAY,בריינסוויי,1100718,1267600
1274,BRAM INDUSTRIES,ברם תעשיות,1094515,1289800
536,BRAND,ברנד,536011,1354750
399,BRILL,בריל,399014,1387000
1269,BRIMAG DIGITAL,ברימאג דיגיטל,1094283,1705200
1465,BUBBLES,באבלס,1105139,1411750
1933,BUFF TECHNOLOG,באפ טכנולוגיות,1179043,1704200
1980,BULIGO,בוליגו,1180595,1704800
1925,BULL TRADING-M,בול מסחר-ש,1176635,1619500
2174,CAMTEK,קמטק,1095264,
1272,CAN FITE BIO,כן פייט ביופרמה,1094473,1362250
106,CANADA GLOBAL,קנדה גלובל,106013,1711000
1304,CANZON-M,קנזון-ש,1096007,1672000
1325,CAPITAL POINT,קפיטל פוינט,1097146,1513400
2384,CARASS0 REAL ES,"קרסו נדל""ן",1187962,
1585,CARASSO MOTORS,קרסו מוטורס,1123850,1483750
1748,CARMEL CORP,כרמל קורפ,1147685,1371200
440,CARMIT,כרמית,440016,1637400
2484,CASTELLAN,"קסטלן נדל""ן",1224880,
280,CASTRO,קסטרו,280016,1491200
2066,CELLCOM,סלקום,1101534,1464250
1742,CHAMOSS,שמוס,1155951,1303400
442,CI SYSTEMS,סיאי,442012,1515250
1331,CIELO-BLU,צילו-בלו,1102532,1665000
2409,CION,סיאון,1194000,1621000
1964,CIPIA VISION,סיפיה וויז'ן,1181932,1592500
716,CITRUS PLA,מטעי הדר,716035,1439400
2417,CITY PEOPLE ROT,אנשי העיר,1198266,1711750
1447,CLAL BIO TECHNO,כלל ביוטכנו,1104280,1544800
1324,CLAL CAPITAL,כלל גיוסי הון,1179928,1598400
224,CLAL INSURANCE,כלל עסקי ביטוח,224014,1426000
810,COHEN DEVL.,כהן פיתוח,810010,1372400
2188,COMPUGEN,קומפיוגן,1085208,
507,COMPUTER DIR GR,מיחשוב ישיר קב,507012,
1991,CONTINUAL-M,קונטיניואל-ש,1182260,1470600
1648,COPPERLINE,קופרליין,1224070,1543200
2425,CREDITO IPOS,קרדיטו הנפקות,1216274,1611400
1840,DALIA ENERGY,דליה אנרגיה,1193598,1638200
822,DAN HOTELS,דן מלונות,822015,1596000
314,DANEL,דנאל,314013,1648750
2496,DANIEL DEPOSITS,דניאל פקדונות,1227206,
1096,DANYA CEBUS,דניה סיבוס,1173137,1702400
829,DELEK AUTOMOTIV,דלק רכב,829010,1686400
1095,DELEK GROUP,דלק קבוצה,1084128,1426750
2387,DELEK ISRAEL PR,דלק ישראל נכסים,1196211,1680000
1858,DELTA BRANDS,דלתא מותגים,1173699,1372200
627,DELTA GALIL,דלתא גליל,627034,1462750
2477,DESTINY REAL ES,"דסטיני נדל""ן",1222157,
1193,DIMRI,דמרי,1090315,1518250
1867,DIPLOMAT HOLDI.,דיפלומט,1173491,
1675,DIRECT FINANCE,מימון ישיר קב,1168186,1520800
691,DISCOUNT BANK,דיסקונט,691212,1661800
639,DISCOUNT INV.,דיסקונט השקעות,639013,1424500
748,DISCOUNT MANPIK,דיסקונט מנפיקים,1203157,1661800
1072,DOR ALON,דור אלון,1093202,1723800
1801,DORAL ENERGY,דוראל אנרגיה,1166768,1582000
2397,DORSEL HOLD,דורסל החזקות,1190628,1555200
400,DUNIEC,דוניץ,400010,1668600
382,E&M,אמת,382010,1599250
1823,E.E.A.M.I-M,א.א.א.מ.א-ש,1169895,1657400
1891,ECONERGY,אקונרג'י,1178334,1486800
1979,EFFI CAP NADLAN,"אפי קפיטל נדל""ן",1181437,1691200
2533,EL AD US,אל עד יו אס,1237171,
1152,EL AL,אל על,1087824,1694200
2463,ELAD,אלעד,1217702,1647600
1039,ELBIT IMAGING,אלביט הדמיה,1081116,1722250
1040,ELBIT SYSTEMS,אלביט מערכות,1081124,1367500
694,ELCO,אלקו,694034,1552750
1636,ELDAN TRANSPORT,אלדן תחבורה,1134881,1531750
739,ELECTRA,אלקטרה,739037,1656200
501,ELECTRA CONSUME,אלקטרה צריכה,5010129,1352500
1264,ELECTRA REAL E.,"אלקטרה נדל""ן",1094044,1571500
368,ELECTREON WIRE,אלקטריאון וירלס,368019,1336600
600,ELECTRIC CORP.,חשמל,1196799,1663750
504,ELLA,אלה השקעות,1189950,
1697,ELLA DEPOSITS,אלה פקדונות,1162577,1640500
2101,ELLOMAY CAPITAL,אלומיי קפיטל,1082635,
1704,ELMOR ELECTRIC,אלמור חשמל,1142454,1568600
749,ELRON,אלרון,749077,1702750
1194,ELSPEC,אלספק,1090364,
589,EMILIA DEVELOPM,אמיליה פיתוח,589010,1667500
2352,ENCORE,אנקור הזדמנויות,1220482,1425250
1683,ENCORE PROP,אנקור פרופרטיס,1204403,1407600
1762,ENERGEAN,אנרג'יאן,1155290,1342600
1581,ENERGIX,אנרג'יקס,1123355,1417000
720,ENLIGHT ENERGY,אנלייט אנרגיה,720011,1456000
1780,ENLIVEX,אנלייבקס,1158997,
1998,EPITOMEE,אפיטומי,1182591,1688800
755,EQUITAL,אקויטל,755017,1433500
1550,ERECH FINANCE-M,ערך פיננסים-ש,1120161,1625500
1920,ERIKA CARMEL,אריקה כרמל,1178912,1455250
1912,ETGA GR0UP,אי.טי.ג'י.איי,1176114,1462000
1461,EVOGENE,אבוג'ן,1105055,1670400
704,EXPORT INV.,יצוא,704015,1464400
1622,EXTELL LIMITED,אקסטל לימיטד,1183169,1366000
1621,FATTAL HOLDINGS,פתאל החזקות,1143429,1593250
1661,FATTAL PROP,פתאל אירופה,1168038,1703600
1850,FEAT INVESTMENT,פיט השקעות,1173178,1354000
593,FIBI BANK,בינלאומי,593038,1676800
763,FIBI HOLDINGS,פיבי,763011,
1796,FIRE AND GAS,טכנ גילוי אש גז,1165307,1664600
1868,FLYING SPARK-M,פליינג ספארק-ש,1173582,1720400
315,FMS,פמס,315010,
199,FORESIGHT,פורסייט,199018,1665200
256,FORMULA,פורמולה מערכות,256016,1652500
1140,FOX,פוקס,1087022,1666600
1403,FRIDENSON,פרידנזון,1102219,1101400
1765,G 1 SECU. SOLUT,ג'י וואן,1156280,1684800
126,G CITY,ג'י סיטי,126011,1586500
2480,G T,"ג'י טי נדל""ן",1224849,
1568,G.F.C GREEN,ג'י.אף.סי גרין,1122688,1716200
1731,G.P. GLOBAL-M,ג'י.פי. גלובל-ש,1144781,1473000
2427,G.S.E DEPOSITS,ג'י.אס.אי פקדונ,1210483,1684400
2483,GABAY GROUP,גבאי קבוצה,1233634,
771,GABAY PROPERT,גבאי מניבים,1211796,
2509,GAD DAIRIES,מחלבות גד,1228808,
954,GALIL,ממשל צמודה,,
959,GALIL,ב. ישראל-גליל מ,,
1510,GAMA MANAGEMENT,גמא ניהול,1223841,
532,GAN SHMUEL,גן שמואל,532010,1199200
454,GAON GROUP,גאון קבוצה,454017,1507000
1418,GAS LINES-INGL,נתיבי הגז,1125509,1622500
759,GAV YAM,גב ים,759019,1357750
1532,GEFFEN R&R,גפן מגורים,1118116,1712500
1820,GENCELL,ג'נסל,1169689,1618750
1769,GENERATION CAPI,ג'נריישן קפיטל,1156926,1379500
2440,GESHEM,גשם למשתכן,1227305,
1639,GFI,ג'י.אף.איי,1218767,1714400
448,GIBUI HOLDINGS,גיבוי אחזקות,448019,1480000
1736,GILAD DEPOSITS,גלעד פקדונות,1210541,1605250
1905,GILAD MAY,גלעד מאי,1226018,1449250
2030,GILAT,גילת,1082510,1695400
1006,GILAT TELECOM,גילת טלקום,1080597,1556500
968,GILBOA,בנק ישראל-גלבוע,,
922,GILON,בנק ישראל-גילון,,
1301,GINEGAR,גניגר,1095892,1402750
1130,GIRON DEVELOP.,גירון פיתוח,1183151,1334600
506,GIVOT,גבעות יהש,506022,1517400
744,GIX INTERNET,גיקס אינטרנט,744011,1689800
1559,GLOBAL KNAFAIM,גלובל כנפיים,1141316,1135300
1070,GLOBAL PAY-M,גלובל פיי-ש,1081983,1698600
1548,GLOBE ENERGY-M,גלוב אנרגיה-ש,1119833,1437400
1741,GLOBRANDS GROUP,גלוברנדס גרופ,1147487,1606600
1226,GOLAN INDUS,גולן תעשיות,1091933,
149,GOLD,גולד,149013,1310800
2156,GOLDEN ENERGY,גולדן אנרג'י,1083443,1480800
235,GOLDEN HOUSE,בית הזהב,235010,
1310,GOLF,גולף,1096148,1686800
1939,GOTO,גוטו,1176726,1655200
1997,GRACE BREEDING,גרייס ברידינג,1184365,1439000
2453,GREYSTONE,גרייסטון,1213834,
1960,GROUP 107,גרופ 107,1180181,1690000
1187,HACHSHARA INSUR,הכשרה חב לביטוח,1156025,1687750
1294,HADASIT BIO-M,הדסית ביו-ש,1095405,1279900
1722,HAGAG EUROPE,חג'ג' אירופה,1143635,1699600
823,HAGAG REAL EST,"חג'ג' נדל""ן",823013,1643400
1453,HAMAMA,חממה סחר,1104785,1627200
1459,HAMASHBIR 365,המשביר 365,1104959,
384,HAMAT,חמת,384016,1622600
1781,HAREL EXCH DEPO,הראל פקדון סחיר,1191386,1435750
2457,HAREL INTERESTS,הראל ריביות,1218783,1686250
585,HAREL INVEST,הראל השקעות,585018,1461250
1367,HAREL ISSUES,הראל הנפקות,1136316,1704000
1110,HILAN,חילן,1084698,1513750
1830,HILLA OFFICES,הילה משרדים,1209063,1718600
2369,HIPER,הייפר,1184985,1603000
150,HIRON,חירון,150011,
1885,HIVE 2040 R&D,"הייב 2040 מו""פ",1177765,
351,HOD-ASSAF,חד-אסף,351015,
1706,HOLMES PLACE,הולמס פלייס,1142587,1593200
1845,HOMEBIOGAS,הום ביוגז,1172204,1681000
1825,HUMAN XTENSIO-M,יומן אקסטנשנס-ש,1170000,
2467,I.B.I DEPO,איביאי פקדונות,1221720,
1608,I.D.I INSURANCE,איידיאיי ביטוח,1129501,1636600
1566,I.D.I ISSUES,איידיאיי הנפקות,1229350,1693600
2524,I.S.A,אי.אס.איי,1234574,
1842,IARGENTO,איי ארגנטו,1173343,1630800
175,IBI INV HOUSE,איביאי בית השק,175018,1573750
1106,IBI UNDERWRIT,איביאי חיתום,1084482,1462200
1435,IC HOTELS,ישראל קנדה מלונ,1103852,1719000
281,ICL,איי.סי.אל,281014,1650250
1993,ICON GROUP,אייקון גרופ,1182484,1547800
1921,IDENTI HEALTH,איידנטי הלת',1177450,1615400
1890,IDOMOO,אידומו,1176346,1657750
431,IES,אייאיאס,431015,1706800
976,IL DUAL,ממשל דואלי,,
975,IL T-BILL,ממשל קצרה,,
1561,ILD RENEWAL,הכשרה התחדשות,1121474,
1019,ILEX MEDICAL,אילקס מדיקל,1080753,1612800
2357,IMAGESAT,אימאג'סט אינט',1183813,1452200
282,IMCO,אימקו,282012,1714000
1833,IMED INFINITY,אימד אינפיניטי,1171230,1619400
2530,INPLAY,אינפליי,1236207,
1616,INROM CONSTRUCT,אינרום בנייה,1132356,1488000
1028,INTER INDSTRIES,אינטר תעשיות,1080928,1580800
1480,INTERCURE,אינטרקיור,1106376,1422250
174,INTERGAMA,אינטרגאמא,174011,
1153,INTERNA ISSUES,בינלאומי הנפקות,1182385,1440600
2430,ISPRO,ישפרו,1215763,1566250
1773,ISRACARD,ישראכרט,1157403,1703500
434,ISRAEL CANADA,ישראל קנדה,434019,1633750
576,ISRAEL CORP.,חברה לישראל,576017,1360000
1551,ISRAEL OPPORT.,הזדמנות ישראלית,1119924,1532500
1739,ISRAEL PORTS,נמלי ישראל,1145572,1637200
1641,ISRAEL RAILWAYS,רכבת ישראל,1177625,
1810,ISRAEL SHIPYARD,מספנות ישראל,1168533,1447200
1238,ISRAIR GROUP,ישראייר גרופ,1187194,1584800
232,ISRAMCO,ישראמקו יהש,232017,1533250
613,ISRAS,ישרס,613034,1461600
2435,ISRAS HOLDINGS,ישרס אחזקות,1202977,1587600
1032,ISROTEL,ישרוטל,1080985,1684000
1036,ISSTA,איסתא,1081074,1659250
2520,ISTA ASSETS,איסתא נכסים,1232867,1659250
2364,JACOB FINANCE,יעקב פיננסים,1185057,
1370,JEEN AI TECH,ג'ין טכנולוגיות,1099787,1215100
726,JERUSALEM BANK,ירושלים,726018,1553000
1248,JERUSALEM ISSUA,ירושלים הנפקות,1172170,1553000
2396,JORDAN ESHEL,אשל הירדן,1225317,
1929,JUNGO,ג'נגו,1178862,
522,KAFRIT,כפרית,522011,1700500
1267,KAMADA,קמהדע,1094119,1547000
121,KARDAN ISRAEL,קרדן ישראל,1210152,1679200
1154,KARDAN N.V-M,קרדן אן.וי-ש,1087949,1456750
1083,KARDAN REAL EST,"קרדן נדל""ן",1118447,1593600
2521,KATA GROUP,קטה גרופ,1233386,
1635,KENON HOLDINGS,קנון הולדינגס,1134139,1516750
621,KERUR,קרור,621011,1687200
1904,KEYSTONE INFRA,קיסטון אינפרא,1175934,1486000
797,KLIL,קליל,797035,1591000
543,KNAFAIM,כנפיים,543017,1648000
826,LACHISH,לכיש,826016,1541800
136,LAHAV,להב,136010,1399750
612,LAND DEV,הכשרת הישוב,612010,1614250
2503,LANTERRA CANADA,לנטרה קנדה,1227628,
642,LAPIDOTH CAP.,לפידות קפיטל,642017,1259800
1216,LAPIDOTH HELETZ,לפידות חלץ יהש,1091248,1655500
1680,LESICO,לסיכו,1140946,1344200
604,LEUMI BANK,לאומי,604611,1704250
719,LEVI-M,לוי,7190242,1708600
200,LEVINSKI OFER,לוינסקי עופר,200014,1569250
573,LEVINSTEIN ENG,לוינשטין הנדסה,573014,1382500
1536,LEVINSTEIN PROP,לוינשטין נכסים,1182799,1258000
2474,LIAM BUSINESS,ליאם חריש עסקים,1222496,
584,LIBENTAL,ליבנטל,584011,
1926,LIBRA,ליברה,1176981,1657200
1630,LIGHTSTON,לייטסטון,1204296,1564750
1651,LINEAGE THERAP,ליניאג תרפיוטיק,1136365,1506250
1579,LIVEPERSON,לייבפרסון,1123017,1517200
2506,LIVING STONE,ליווינג סטון,1230051,
753,LODZIA,לודזיה,753012,1515800
1050,LUDAN,לודן,1081439,1705800
2491,LUDAN-TECH,לודן-טק,1226992,1705800
666,LUZON CREDIT,לוזון אשראי,666016,1706500
473,LUZON GROUP,לוזון קבוצה,473017,1561000
2429,LUZON RONSON,לוזון רונסון,1202597,
1787,M.L.R.N,מלרן פרוייקטים,1170950,1703000
2398,M.W. INVES,מ.ו. השקעות,1204122,1536800
156,MALAM TEAM,מלם תים,156018,1687000
731,MALAM-TEAM HOLD,מלם-תים אחזקות,731018,1585000
238,MAMAN,ממן,2380053,
1484,MASLAVI,מצלאוי,1106749,1509250
1864,MASSIVIT,מאסיבית,1172972,1526200
1902,MATRICELF,מטריסלף,1176791,1518000
445,MATRIX,מטריקס,445015,1610000
1763,MAX IT,מקס איט,1220466,1246300
1815,MAX STOCK,מקס סטוק,1168558,1491800
1212,MAYTRONICS,מיטרוניקס,1091065,1450750
1632,MDG,אמ.די.ג'י.,1209170,1431250
1614,MEDI TOWER,מגדלי ים תיכון,1131523,1573000
1433,MEDIPOWER,מדיפאואר,1139955,1381400
1983,MEDIPRESS HEALT,מדיפרס בריאות,1182898,1484400
1450,MEGA OR,מגה אור,1104488,1647200
2458,MEGIDO,מגידו,1216605,1707800
1668,MEGUREIT,מגוריט,1139195,1495750
686,MEHADRIN,מהדרין,686014,1437250
1064,MEITAV INVEST,מיטב בית השקעות,1081843,1465000
2428,MEITAV TRADE,מיטב טרייד,1203181,1628400
1150,MEKOROT,מקורות,1124346,1673400
323,MELISRON,מליסרון,323014,1617000
1914,MENARA VENTURES,מנרה ונצ'רס,1178474,
1247,MENDELSON INFR,מנדלסון תשתיות,1129444,
1828,MENIF-FINANCIAL,מניף-פיננסים,1170893,
1679,MENIVIM REIT,מניבים ריט,1140573,1613500
566,MENORA MIV HOLD,מנורה מב החזקות,566018,1646500
1431,MENORA MIV HON,מנורה מב הון,1160241,1398200
338,MER,מר,338012,1725800
2465,MERAV DEPOSITS,מרב פקדונות,1221902,1696750
1266,MERCANTILE HANP,מרכנתיל הנפקות,1171305,1725800
257,MERCHAVIA HOLD,מרחביה אחזקות,257014,1689600
1803,MESHEK ENERGY,משק אנרגיה,1166974,1669750
494,MIA DYNAMICS,מיה דיינמיקס,494013,1357000
1944,MICHLOL FINANCE,מכלול מימון,1179753,1696000
2511,MICHPAL,מיכפל,1229335,
1597,MIGDAL INS FUND,מגדל ביטוח הון,1182955,1496600
1041,MIGDAL INSUR.,מגדל ביטוח,1081165,1546750
1806,MILLENNIUM FDTC,מילניום פוד-טק,1167501,
155,MINRAV,מנרב,1217355,1540200
1502,MIRLAND-M,מירלנד-ש,1108638,1709000
1467,MISHORIM,מישורים,1105196,1541500
226,MIVNE,מבנה,226019,1439600
127,MIVTACH SHAMIR,מבטח שמיר,127019,1596250
695,MIZRAHI TEFAHOT,מזרחי טפחות,695437,1669400
231,MIZRAHI TF ISSU,מזרחי טפחות הנפ,1191675,1596400
345,MODIIN,מודיעין יהש,345017,1596200
1692,MORE INVEST.,מור השקעות,1141464,1528000
2358,MORE PENSION,מור גמל פנסיה,1184381,1603400
1756,MRR,אמ אר אר,1184696,1721800
1738,MULTI RETAIL,מולטי ריטייל,1171669,1474000
2449,MY TOWN,מיי טאון,1214626,1631600
544,MYDAS INVEST,מידאס השקעות,544015,1641250
1665,NAMCO REALTY,נמקו ריאלטי,1206473,1468000
643,NAPHTHA,נפטא,643015,1513200
1688,NAVITAS PETRO,נאוויטס פטרו,1141969,1714200
208,NAWI,נאוי,208017,1418500
1894,NAYAX,נאייקס,1175116,1396000
421,NETANEL GROUP,נתנאל גרופ,421016,1723750
2412,NETANEL MENIVI,נתנאל מניבים,1194513,1591200
168,NETO,נטו אחזקות,168013,1339200
1463,NETO MALINDA,נטו מלינדה,1105097,1676600
2475,NETZ USA,נץ יו.אס.איי,1222116,
923,NEW GILON,ממשל משתנה,,
475,NEWMED ENERG PU,ניו-מד אנרג יהש,475020,1391400
1916,NEXT VISION,נקסט ויז'ן,1176593,1702000
433,NEXTAGE,נקסטייג',433011,1677800
1298,NEXTCOM,נקסטקום,1095785,1675750
1841,NEXTFERM-M,נקסטפרם-ש,1171933,1658200
1092,NEXTGEN-M,נקסט ג'ן-ש,1083930,1520500
273,NICE,נייס,273011,1535500
660,NISSAN,ניסן,660019,1634200
1831,NOFAR ENERGY,נופר אנרג'י,1170877,1708000
723,NORSTAR HOLDING,נורסטאר החזקות,723007,1445500
2177,NOVA,נובה,1084557,1468600
1677,NOVOLOG,נובולוג,1140151,
1839,NRGENE TECH,אנרג'ין טכנו,1172071,1405000
1893,NUR INK,נור אינק,1175728,1485250
1135,O.R.T,או.אר.טי.,1086230,1515400
2488,OFEK GROUP,אופק קבוצה,1223908,
2522,OMER CONS,עומר הנדסה,1233493,1725800
161,ONE TECHNOLOGI,וואן טכנולוגיות,161018,1534000
1287,OPAL BALANCE,אופל בלאנס,1094986,1531800
1682,OPC ENERGY,או.פי.סי אנרגיה,1141571,1615000
1610,OPKO,אופקו,1129543,1614800
1696,OR SHAY,אורשי,1209014,1605400
1451,ORAD,אורד,1104496,
1691,ORAMED,אורמד,1141324,1441000
1425,ORIAN,אוריין,1103506,1413800
2518,ORION,אוריון,1232750,
2250,ORMAT TECHNO.,אורמת טכנו,1134402,1603750
1644,ORON GROUP,אורון קבוצה,1135706,1299100
1671,OVERSEAS,אוברסיז,1139617,1432750
1221,P.C.B.,פיסיבי טכנ,1091685,1649500
1662,PACIFIC OAK,פסיפיק אוק,1206044,1723000
2420,PAI DEPOSITS,פאי פיקדון,1201144,1716250
2538,PALO ALTO,פאלו אלטו,1236736,
644,PALRAM,פלרם,644013,1583400
2391,PARKOMAT INT.,פרקומט,1187640,
2095,PARTNER,פרטנר,1083484,1458250
1977,PAYMENT,פיימנט,1180876,1723600
412,PAYTON,פייטון,412015,1249000
1363,PAZ ENERGY,פז אנרגיה,1100007,1669000
2505,PEAKHILL,פיקהיל,1228535,1691500
333,PENINSULA,פנינסולה,333013,1358000
2497,PENTHOUSE,פנטהאוז,1227073,
2240,PERION NETWORK,פריון נטוורק,1095819,1511000
756,PETROCHEMICAL,פטרוכימיים,756015,1707400
1809,PETROLEUM ENRGY,תשתיות אנרגיה,1211515,
1369,PETROTX,פטרוטקס יהש,1099761,1414000
1843,PHINERGY,פינרג'י,1172360,1709600
767,PHOENIX,הפניקס,767012,1612750
1527,PHOENIX CAPITAL,הפניקס גיוסי הו,1155522,1525400
1873,PHOTOMYNE,פוטומיין,1173855,1670200
2500,PI INTEREST,פאי ריביות,1230184,
2454,PI PLUS,פאי פלוס,1214451,1708750
2344,PIE SIAM,פאי סיאם,1186527,1654600
1057,PLASSON INDUS,פלסאון תעשיות,1081603,1689250
727,PLASTO CARGAL,פלסטו קרגל,727016,1699200
1240,PLASTOPIL,פלסטופיל,1092840,1480200
1476,PLAZA CENTERS,פלאזה סנטרס,1109917,1672400
1569,PLURI,פלורי,1121730,1606750
662,POALIM BANK,פועלים,662577,1621750
745,POLYGON,פוליגון,745018,
1822,POLYRAM,פולירם,1170216,1457000
1861,POMVOM,פוםוום,1173434,1507400
1405,POWERGEN SOL A,פאוורג'ן סול אי,1231331,1587250
1330,PRASHKOVSKY,פרשקובסקי,1102128,1438000
2487,PRASHKOVSKY GR,פרשקובסקי גרופ,1224971,1438000
1871,PRIME ENERGY,פריים אנרג'י,1174457,1615600
1872,PRIMOTEC,פרימוטק,1175496,1515000
328,PRIORTECH,פריורטק,328013,1674400
2534,PRODALIM INVEST,פרודלים השקעות,1237031,
2389,PROPDO,פרופדו,1188622,1593400
699,PROPERT.& BUIL.,נכסים ובנין,699017,1646200
2514,PROSPECT,פרוספקט,1230655,
1911,PSYRX BIO-TECH,פסיירקס ביו-טק,1176908,1524250
1895,PULSENMORE,פלסאנמור,1176700,1410250
765,PURPLE BIOTECH,פרפל ביוטק,765016,1551250
1093,QUALITAU,קווליטאו,1083955,1715400
386,QUEENCO,קווינקו,386011,1305600
2489,R.G.A.,ר.ג.א.,1226885,
393,RALCO,ראלקו,393017,1551600
2418,RAM ADERET,רם אדרת,1217314,
1209,RAM ON,רם און,1090943,1722400
1445,RAMI LEVI,רמי לוי,1104249,1567750
2508,RAMI LEVY RE,"רמי לוי נדל""ן",1235001,1567750
1724,RAMOT CITY,רמות בעיר,1213750,1509400
1588,RANI ZIM,רני צים,1143619,1420000
769,RAPAC,רפק,769026,1630400
394,RATIO,רציו יהש,394015,1684750
1625,RATIO FINANCE,רציו מימון,1178144,
1672,RATIO PETROLEUM,רציו פטרוליום,1139864,1619800
1949,RAV BARIACH(08),רב-בריח(08),1179993,1396800
526,RAVAD,רבד,526012,1664500
1436,RAVAL,רבל,1103878,1627600
673,RAY TLV GROUP-M,ריי טי אל וי-ש,673012,1546800
2392,RAYK ASPEN,רייק אספן,1226984,
1849,RAZOR,רייזור,1172527,1627750
259,REFINERIES,בתי זיקוק,2590248,1671250
2478,REISDOR,רייסדור,1237734,
1357,REIT 1,ריט 1,1098920,1631500
1794,REIT AZORIM LIV,ריט אזורים ליוי,1162775,1384600
1033,REKAH,רקח,1081009,1359200
1693,REM-ROTEM ENERG,ראמ-רותם אנרגיה,1147750,1552000
2423,RENT IT,רנט איט,1199645,1590400
1847,RETAILMINDS-M,ריטייל-מיינדס-ש,1173723,1582400
1908,RETAILORS,ריטיילורס,1175488,1697600
1928,RIMON CONSULT,רימון,1178722,1719800
76,RIMONI,רימוני,1080456,1372600
266,ROBOGROUP,רובוגרופ,266015,1545200
1797,ROTEM SHANI,רותם שני,1171529,1413250
539,ROTSHTEIN,רוטשטיין,539015,1712600
2479,RP OPTICAL,אר פי אופטיקל,1222462,1717600
299,RSL,אראסאל,299016,1466500
1930,S&B ENERGY,שוב אנרגיה,1188242,1665800
422,S.R ACCORD,אס.אר אקורד,422014,1583800
341,SADE REAL ESTAT,"שדה נדל""ן",341016,1549750
813,SANO,סנו,813014,1598800
2433,SAPIR DEPOSITS,ספיר פקדונות,1219039,
425,SARFATI,צרפתי,425017,1441750
2226,SARINE TECH,שרין טכנו',1092725,1450000
2498,SATELLE,סאטל,1233352,
1800,SAVERONE 2014,סייברוואן,1166693,1581250
1821,SAVOREAT-M,סבוריט-ש,1169978,1706200
1427,SCHNAPP,שנפ,1103571,1337800
1887,SCODIX,סקודיקס,1178490,1696800
288,SCOPE,סקופ,288019,1681750
249,SEACH MEDICAL,שיח מדיקל,249011,1340600
1514,SELLA CAPITAL,"סלע קפיטל נדל""ן",1109644,1551800
1496,SH.I.R SHLOMO,"שלמה נדל""ן",1157668,1368250
926,SHACHAR,ממשל שקלית,,
1664,SHAGRIR VEHICLE,שגריר רכב,1138379,1330600
1922,SHAMAYM IMPROVE,שמיים אימפרוב,1176239,1703200
1025,SHANIV,שניב,1080837,1588000
1633,SHAPIR ENGIN,שפיר הנדסה,1133875,1625000
634,SHEMEN ESTATE,שמן נדלן,634030,1279600
1068,SHIKUN & BINUI,שיכון ובינוי,1081942,1713000
141,SHLOMO HOLDING,שלמה החזקות,1192749,1405400
2456,SHMUEL BARUCH,שמואל ברוך,1214865,
1071,SHOHAM BUSINESS,שוהם ביזנס,1082007,1570000
2441,SHOVAL,שובל הנדסה,1207968,
777,SHUFERSAL,שופרסל,777037,1523500
1320,SILVER CASTLE-M,סילבר קסטל-ש,1097054,1684600
1737,SILVERSTEIN,סילברסטין נכסים,1211648,1595500
2515,SIMAD HOLDINGS,סימד הולדינגס,1232875,
1613,SKYLINE,סקייליין,1131556,1654750
1817,SMART AGRO,סמארט אגרו,1169481,1375400
2536,SMART SHOOTER,סמארט שוטר,1237742,
1886,SOFWAVE MEDICAL,סופוויב מדיקל,1175439,1394000
1848,SOLAER,סולאיר,1172287,1715000
1924,SOLROM HOLDINGS,סולרום החזקות,1177518,1380250
169,SOLTERRA,סולטרה אנרגיה,169011,1695000
2393,SONOL REAL EST,"סונול נדל""ן",1226877,
2304,SONOVIA,סונוביה,1170539,1523200
1132,SPACE COM.,חלל תקשורת,1092345,1612000
1878,SPEEDVALUE,ספידווליו,1178284,1507800
1628,SPENCER EQUITY,ספנסר אקוויטי,1188788,1608800
1329,SPRING,ספרינג,1097344,1363000
1182,SPUNTECH,ספאנטק,1090117,1579750
550,STG,אסטיגי,550012,1541000
1562,STORAGE DROP,סטורג' דרופ,1122654,1609750
746,STRAUSS GROUP,שטראוס גרופ,746016,1490500
1654,STRAWBERRY,סטרוברי,1197029,1390400
2438,STRAWBERRY INC,סטרוברי אינק,1205913,1664000
1974,SUFRIN,סופרין,1181569,1538500
308,SUGAT,סוגת,1233014,
1060,SUMMIT,סאמיט,1081686,1569000
1062,SUNFLOWER,סאנפלאואר,1098755,1550500
2009,SUNY COMMUN,סאני תקשורת,1082353,1385000
1804,SUPERGAS POWER,סופרגז פאוור,1166917,1398000
1889,SURE-TECH,שור-טק השקעות,1175090,
1115,SYNEL M.L.L,סינאל מלל,1084953,1314800
258,TADIRAN GROUP,תדיראן גרופ,258012,1604500
1689,TAMAR PETROLEUM,תמר פטרוליום,1141357,1725250
1778,TASE,הבורסה לניע בתא,1159029,1670500
2110,TAT TECHNOLOG.,תאת טכנולוגיות,1082726,
796,TAYA INV.,תיא השקעות,796011,1158700
216,TECTONA,טקטונה,216010,1463500
142,TEDEA,תדאה,142018,1380000
2076,TEFRON,תפרון,1082585,1462600
354,TELSYS,טלסיס,354019,1582200
1535,TEMPO BEVERAGES,טמפו משקאות,1162544,1523600
1982,TERA LIGHT,טראלייט,1180173,1492200
1948,TERMINAL X,טרמינל איקס,1178714,1560000
290,TEUZA,תעוזה,290023,1606800
629,TEVA,טבע,629014,1720750
1185,TGI,טי.ג'י.איי,1090141,1232800
1513,THE LESER,דה לסר,1193192,1358500
1289,THEMIS,תמיס,1097229,1629250
397,THIRDEYE,עין שלישית,397018,1589000
1460,TIGBUR GROUP,תיגבור קבוצה,1105022,1496500
1876,TIGI,תיגי,1173871,1487500
1102,TIKUN OLAM CANB,תיקון עולם קנבט,1084367,
103,TIV TAAM,טיב טעם,103010,1657000
462,TOGETHER,טוגדר,462010,1624800
1609,TOMER ENERGY,תומר אנרגיה,1129493,1453000
1945,TONDO SMART,טונדו סמארט,1180686,1536400
1081,TOP GROUP,טופ גרופ,1083377,
1943,TOP GUM,טופ גאם,1179142,1718200
2028,TOWER,טאואר,1082379,1722200
891,TREASURY BILLS,"מק""מ",,1624750
1870,TRUCKNET,טראקנט,1174093,1584250
2444,TSG,טיאסג'י,1209477,1607500
1936,TURBOGEN,טורבוג'ן,1181742,1661500
2519,TURGEMAN,תורג'מן,1233832,
1901,TURPAZ,תורפז,1175611,1478800
2356,UMH PROPE,יו.אמ.איץ',1184282,1700600
1881,UNIC-TECH,יוניק-טק,1174846,1718400
1813,UNICORN TECHNO,יוניקורן טכנו,1168657,1505800
2170,UNITRONICS,יוניטרוניקס,1083831,
2072,UNIVERSAL MOTOR,יוניברסל מוטורס,1144773,1693800
2230,UNIVO-M,יוניבו-ש,1093558,1540400
456,UPSELLON BRANDS,אפסלון ברנדס,456012,1369750
2486,URBAN BRAND,מותג עירוני,1223858,
2381,URBANICA(PALO),אורבניקה (פאלו),1220755,
1771,UTRON,יוטרון,1157114,
1824,VELORYX,ולוריקס,1170240,1642000
1907,VERIDIS,ורידיס,1176387,1440250
1583,VICTORY,ויקטורי,1123777,1589500
416,VILLAR,וילאר,416016,1144600
350,VISION SIGMA,ויז'ן סיגמא,350017,1678750
1515,VITANIA,ויתניה,1109966,1614400
1968,WATER.IO,ווטר אי או,1180306,
1772,WESDALE AMERIC,ווסטדייל אמריקה,1208511,1375000
1865,WESURE GLOBALT,ווישור גלובלטק,1173228,1720000
278,WILK,וילק,278010,1517500
2123,WILLI-FOOD INTE,ויליפוד אינטרנש,1082858,1326000
371,WILLY FOOD,וילי פוד,371013,1617200
1466,WIND BUZZ,ווינד באז,1105162,1625800
2190,XTL,אקס טי אל,1085497,
111,Y.B RENEWAL,י.ב התחדשות,111013,1573400
2490,YAAZ,י.ע.ז יזמות,1227321,1712800
1703,YACOBI GROUP,יעקובי קבוצה,1142421,1187200
486,YBOX,וויי-בוקס,486027,1615750
2386,YESODOT EITANIM,יסודות איתנים,1188416,1648600
1786,YOCHANANOF,יוחננוף,1161264,1374250
2464,YOZMOT,יוזמות,1233758,
1903,YUVALIM GROUP,יובלים קבוצה,1198696,1595600
130,ZANLAKOL,זנלכל,130013,1639000
1604,ZARASAI GROUP,דה זראסאי גרופ,1169556,1692600
2413,ZEPHYRUS,זפירוס,1194695,1588750
1866,ZOOZ STRATEGY,זוז אסטרטגיה,1174184,1695600
730,ZUR,צור,730010,1565500
